{
  "project_info": {
    "project_number": "440420289280",
    "firebase_url": "https://sardines-login.firebaseio.com",
    "project_id": "sardines-login",
    "storage_bucket": "sardines-login.appspot.com"
  },
  "client": [
    {
      "client_info": {
        "mobilesdk_app_id": "1:440420289280:android:5aba3c7b03c5e9502041e5",
        "android_client_info": {
          "package_name": "com.example.login"
        }
      },
      "oauth_client": [
        {
          "client_id": "440420289280-00ciscj6djhhasn06h4bhs13fj3o8v6v.apps.googleusercontent.com",
          "client_type": 3
        }
      ],
      "api_key": [
        {
          "current_key": "AIzaSyCmQJ9xM9ljbVgDnQhQll33sVJy5DJfNGE"
        }
      ],
      "services": {
        "appinvite_service": {
          "other_platform_oauth_client": [
            {
              "client_id": "440420289280-00ciscj6djhhasn06h4bhs13fj3o8v6v.apps.googleusercontent.com",
              "client_type": 3
            }
          ]
        }
      }
    }
  ],
  "configuration_version": "1"
}